acousticness,danceability,duration_ms,energy,instrumentalness,key,liveness,loudness,mode,speechiness,tempo,time_signature,valence,popularity,analysis_url,id,track_href,type,uri,track_id
0.00154455,0.00154455,0.00154455,0.00154455,0.00154455,0.00154455,0.00154455,0.00154455,0.00154455,0.00154455,0.00154455,0.00154455,0.00154455,0.00000000,0.00154455,0.00154455,0.00154455,0.00154455,0.00154455,0.00000000
acousticness,danceability,duration_ms,energy,instrumentalness,key,liveness,loudness,mode,speechiness,tempo,time_signature,valence,popularity
0.00154455,0.00154455,0.00154455,0.00154455,0.00154455,0.00154455,0.00154455,0.00154455,0.00154455,0.00154455,0.00154455,0.00154455,0.00154455,0.00000000
