Trackname,Trackid,Albumname,Albumid,Moviename,Moviegenre,Moviegross,Movierate,Movieruntime,Movievote,Movieyr
,,,,,,0.00000000,0.00000000,0.00000000,0.00000000,
0.00000000,0.00000000,0.00000000,0.00000000,0.00000000,0.00000000,0.09293144,0.00000000,0.00000000,0.00000000,0.00000000
Trackname,Trackid,Albumname,Albumid,Moviename,Moviegenre,Moviegross,Movierate,Movieruntime,Movievote,Movieyr
,,,,,,0.00000000,0.00000000,0.00000000,0.00000000,
0.00000000,0.00000000,0.00000000,0.00000000,0.00000000,0.00000000,0.09293144,0.00000000,0.00000000,0.00000000,0.00000000
